Location,Kilometer,Petition
Trichy,5,Hospital is not available in our village
Thanjavur,10,Hospital is not available in our village
Madurai,15,College is not available in our village
Chennai,20,School is not available in our village
Coimbatore,25,Hospital is not available in our village
Salem,30,School is not available in our village
Erode,35,College is not available in our village
Karur,40,Hospital is not available in our village
Dindigul,45,Hospital is not available in our village
Vellore,50,School is not available in our village
Pondicherry,55,College is not available in our village
Kanchipuram,60,Hospital is not available in our village
Tirunelveli,65,College is not available in our village
Virudhunagar,70,Hospital is not available in our village
Tiruppur,75,School is not available in our village
Nagercoil,80,Hospital is not available in our village
Ramanathapuram,85,College is not available in our village
Ariyalur,90,Hospital is not available in our village
Perambalur,95,School is not available in our village
Cuddalore,100,College is not available in our village
